"canonical_skill,category,aliases"
"React,framework,react,React.js,ReactJS,react.js,React/Vue,前端框架"
"Vue,framework,vue,Vue.js,VueJS,vue.js,React/Vue,前端框架"
"STM32,embedded_hardware,STM32,51/STM32单片机,stm32,ARM Cortex-M,单片机"
"A/B测试,data,A/B测试,AB测试,A/B test,ab testing,分组实验,对照实验,拆分测试"
"AI,algorithm_ai,AI,人工智能,Artificial Intelligence,ai"
"API设计,programming,API设计,API Design,接口设计,应用程序接口设计"
"ARM,embedded_hardware,ARM,arm,ARM架构,ARM处理器,Advanced RISC Machine"
"Actix-web,framework,Actix-web,Actix web,actix web,Actix,Rust Web框架"
"Altium,tool,Altium,Altium Designer,AD,电路设计软件,PCB设计工具"
"Android SDK,mobile,Android SDK,安卓SDK,Android开发工具包,android sdk"
"AutoML,algorithm_ai,AutoML,自动机器学习,automl,自动化机器学习"
"Axios,framework,Axios,axios,HTTP客户端,阿西奥斯,网络请求库"
"Axure,tool,Axure,Axure RP,Axure/Sketch,axure,原型设计工具,产品原型工具"
"BERT,algorithm_ai,BERT,BERT/GPT,bert,gpt,预训练模型,大语言模型"
"BI工具,data,BI工具,Business Intelligence,商业智能工具,数据可视化工具"
"C#,programming,C#,C Sharp,c#,csharp,微软C语言"
"CNN,algorithm_ai,CNN,CNN/RNN/Transformer,cnn,rnn,transformer,卷积神经网络,神经网络架构"
"CRM,tool,CRM,客户关系管理系统,Customer Relationship Management,crm"
"CSS-in-JS,framework,CSS-in-JS,CSS in JS,css-in-js,CSSinJS,JS内嵌样式,CSS嵌套"
"Celery,framework,Celery,celery,芹菜,分布式任务队列,Python任务队列"
"CocoaPods,tool,CocoaPods,cocoapods,Cocoa Pods,iOS依赖管理,Objective-C包管理"
"Composer,tool,Composer,composer,PHP包管理工具,依赖管理"
"Containerd,devops,Containerd,containerd,容器运行时,Container Daemon"
"Core Data,framework,Core Data,CoreData,iOS数据持久化,苹果Core Data"
"C仿真,embedded_hardware,C仿真,C语言仿真,C Simulation,硬件仿真,芯片仿真"
"Dart,programming,Dart,dart,Dart语言,Flutter开发语言"
"Django,framework,Django,Django/Flask,django,flask,Python Web框架,Python后端框架"
"Docker,devops,Docker,Docker/K8s,docker,k8s,kubernetes,容器技术,容器化"
"Dubbo,framework,Dubbo,dubbo,Apache Dubbo,Java RPC框架,阿里巴巴Dubbo,RPC框架"
"EMC,embedded_hardware,EMC,emc,电磁兼容,Electromagnetic Compatibility,电磁兼容性"
"ETL,data,ETL,etl,Extract Transform Load,数据抽取转换加载,ETL工具,数据集成"
"ETL工具,tool,ETL工具,ETL Tools,数据集成工具,数据同步工具,Kettle/Informatica"
"Element UI,framework,Element UI,ElementUI,Element,饿了么组件库,Vue组件库,Element-UI"
"Express,framework,Express,Express/Nest.js,express,Nest.js,NestJS,nestjs,nest.js,Node框架"
"FPGA开发,embedded_hardware,FPGA开发,FPGA Development,FPGA设计,可编程逻辑开发,硬件描述语言开发"
"Flutter,framework,Flutter,flutter,谷歌Flutter,跨端开发框架,Flutter SDK,Flutter开发"
"GPU训练,algorithm_ai,GPU训练,GPU Training,显卡训练,CUDA训练,分布式训练硬件,深度学习硬件"
"Gin,framework,Gin,Gin/gorm,gin,gorm,GORM,Go Web框架,Go ORM,Go框架"
"Go,programming,go,Golang,golang,Go语言,Google Go"
"Gradle,tool,Gradle,gradle,Gradle构建工具,Android构建工具,构建自动化"
"HR系统,tool,HR系统,人力资源系统,Human Resource System,HRM,人事系统,HRMS"
"Istio,devops,Istio,istio,服务网格,Service Mesh,微服务治理,服务网格架构"
"Jasmine,testing,Jasmine,jasmine,Jasmine测试,JavaScript测试框架,行为驱动开发,BDD框架"
"Java,programming,Java,Java/Scala,java,scala,JAVA,Java语言"
"JavaScript,programming,JavaScript,JavaScript/TypeScript,javascript,typescript,JS,TS,js,ts,Java Script"
"Jetpack,framework,Jetpack,Android Jetpack,谷歌Jetpack,Android架构组件,jetpack"
"Kaldi,algorithm_ai,Kaldi,Kaldi/WeNet,kaldi,wenet,语音识别框架,语音工具包"
"Kettle,tool,Kettle,Kettle/Informatica,kettle,informatica,ETL工具,数据集成工具,Pentaho"
"Kubeflow,devops,Kubeflow,kubeflow,KubeFlow,机器学习平台,MLOps平台,K8s机器学习"
"LLM微调,algorithm_ai,LLM微调,大模型微调,LLM Fine-tuning,模型微调,指令微调,fine tuning,微调技术"
"Laravel,framework,Laravel,Laravel/ThinkPHP,laravel,thinkphp,think php,PHP框架,拉维尔"
"LoRa,embedded_hardware,LoRa,lora,LoRa协议,远距离无线电,物联网通信,扩频通信,LoRaWAN"
"Lua,programming,Lua,lua,Lua语言,Lua脚本,游戏脚本语言"
"MQTT,embedded_hardware,MQTT,mqtt,消息队列遥测传输,物联网协议,即时通讯协议,IoT协议"
"Modelsim,tool,Modelsim,modelsim,ModelSim,仿真软件,硬件仿真工具,Mentor Graphics"
"NLP基础,algorithm_ai,NLP基础,自然语言处理基础,NLP Fundamentals,nlp基础,计算语言学,NLP原理"
"Next.js,framework,Next.js,next.js,NextJS,nextjs,React全栈框架,React SSR"
"NgRx,framework,NgRx,ngrx,NgRx,Angular状态管理,Redux for Angular,Angular Redux"
"Node.js,programming,nodejs,node,Nodejs,后端开发语言,Node"
"Objective-C,programming,Objective-C,Objective C,objective-c,OC,objc,苹果开发语言,Object C,Obj-C"
"OpenAI Gym,algorithm_ai,OpenAI Gym,OpenAI Gym,gym,Gym,强化学习环境,OpenAI强化学习,强化学习框架"
"PCB设计,embedded_hardware,PCB设计,PCB Layout,电路板设计,Printed Circuit Board,PCB制图,印制电路板设计"
"PR,domain_knowledge,PR,pr,公关,Public Relations,公共关系,品牌公关,公关传播"
"Prompt Engineering,algorithm_ai,Prompt Engineering,Prompt工程,提示工程,prompt engineering,prompt设计,提示词工程,PE"
"ProtoPie,tool,ProtoPie,protopie,ProtoPie,交互原型工具,高保真原型,原型设计软件"
"PyTorch,algorithm_ai,PyTorch,PyTorch/TensorFlow,pytorch,tensorflow,TF,Pytorch,深度学习框架,机器学习框架"
"Python,programming,python,Python语言,编程语言,脚本语言"
"RESTful API,programming,RESTful API,REST API,RESTful,restful api,REST接口,REST风格接口,REST架构"
"ROS,embedded_hardware,ROS,ros,Robot Operating System,机器人操作系统,机器人中间件,机器人开发框架"
"RTOS,embedded_hardware,RTOS,rtos,实时操作系统,Real Time OS,嵌入式操作系统,实时内核"
"Redux,framework,Redux,redux,React状态管理,Redux状态管理,js状态管理,状态容器"
"RxJS,framework,RxJS,rxjs,RxJS,响应式编程,Reactive Extensions,JavaScript响应式,ReactiveX"
"SDN,devops,SDN,sdn,软件定义网络,Software Defined Network,网络虚拟化,SDN网络"
"SEO,domain_knowledge,SEO,SEO/SEM,seo,sem,搜索引擎优化,搜索引擎营销,SEO优化"
"SQLite,database,SQLite,sqlite,SQLite,嵌入式数据库,轻量级数据库,SQLLite,移动端数据库"
"STL,programming,STL,stl,Standard Template Library,C++标准模板库,STL库,C++ STL"
"Shader,tool,Shader,shader,着色器,Shader编程,GLSL,HLSL,渲染着色器,Shader语言"
"Sketch,tool,Sketch,sketch,Sketch App,Sketch设计工具,UI设计工具,Sketch软件"
"Socket.io,framework,Socket.io,socket.io,SocketIO,实时通信库,WebSocket库,socketio"
"Socket编程,programming,Socket编程,Socket Programming,套接字编程,网络编程,socket开发,TCP/IP编程"
"Spark Streaming,data,Spark Streaming,spark streaming,Spark流处理,实时计算,Spark Streaming,流计算"
"SwiftUI,framework,SwiftUI,swiftui,Swift UI,苹果UI框架,iOS UI开发,Swift界面"
"SystemVerilog,embedded_hardware,SystemVerilog,systemverilog,System Verilog,硬件验证语言,SV,System Verilog语言"
"Tokio,framework,Tokio,tokio,Tokio,Rust异步运行时,rust异步,Tokio库"
"UIKit,framework,UIKit,uikit,UIKit,iOS UI框架,苹果UI套件,iOS界面框架"
"UI系统,product_design,UI系统,UI System,界面系统,用户界面系统,UI设计系统,界面架构"
"UI组件,product_design,UI组件,UI Component,界面组件,UI控件,组件库,UI元件"
"UML,tool,UML,uml,统一建模语言,Unified Modeling Language,用例图,类图,时序图,建模语言"
"UVM,embedded_hardware,UVM,uvm,Universal Verification Methodology,通用验证方法学,芯片验证,UVM验证"
"Unity,tool,Unity,unity,Unity3D,Unity引擎,游戏引擎,U3D,Unity3D引擎"
"Verilog,embedded_hardware,Verilog,Verilog/VHDL,verilog,vhdl,硬件描述语言,HDL,VHDL类似,电路描述语言"
"Vite,tool,Vite,vite,Vite,前端构建工具,Vue构建工具,极速构建,Vitejs"
"Vuex,framework,Vuex,vuex,Vuex,Vue状态管理,Vue状态库,Vuex Store"
"Webpack,tool,Webpack,webpack,WebPack,前端打包工具,模块打包器,webpack构建"
"Web安全,security,Web安全,Web Security,网络安全,Web安全,应用安全,OWASP,Web应用安全"
"Zabbix,tool,Zabbix,zabbix,Zabbix,监控软件,系统监控,网络监控,Zabbix监控"
"Zepto,framework,Zepto,zepto,Zepto.js,轻量级jQuery,移动端JS库,类jQuery库"
"gRPC,framework,gRPC,grpc,gRPC,Google RPC,远程过程调用,微服务通信,RPC框架"
"业务理解,domain_knowledge,业务理解,Business Understanding,业务洞察,业务sense,业务知识,懂业务"
"主数据管理,data,主数据管理,MDM,Master Data Management,主数据,数据治理,Master Data"
"云平台,devops,云平台,Cloud Platform,云计算平台,Cloud Native Platform,云基础设施,云端平台"
"云平台对接,domain_knowledge,云平台对接,云平台集成,Cloud Integration,云服务对接,云API对接,云端集成"
"云开发,devops,云开发,Cloud Development,Serverless,云原生开发,小程序云开发,CloudDev"
"云架构,devops,云架构,Cloud Architecture,云计算架构,云上架构,云端架构,云原生架构"
"交互规范,product_design,交互规范,Interaction Specification,交互设计规范,交互准则,UI规范,交互标准"
"交互设计,product_design,交互设计,Interaction Design,IXD,交互,interaction design,IxD,UE交互"
"产品战略,management,产品战略,Product Strategy,产品策略,战略规划,产品规划,产品愿景"
"产品演示,domain_knowledge,产品演示,Product Demo,产品展示,方案演示,产品路演,演示技巧"
"产品知识,domain_knowledge,产品知识,Product Knowledge,产品认知,业务知识,领域知识,产品熟悉度"
"产品设计,product_design,产品设计,Product Design,产品设计,PD,产品方案设计,产品设计能力"
"产品部署,devops,产品部署,Product Deployment,软件部署,系统部署,上线部署,产品发布"
"人才库,domain_knowledge,人才库,Talent Pool,简历库,人才储备库,候选人库,人才池"
"人才画像,domain_knowledge,人才画像,Talent Profiling,人才档案,人才特征,员工画像,候选人画像"
"代码审查,programming,代码审查,Code Review,CR,代码评审,代码检查,code review,CodeReview"
"代码审计,security,代码审计,Code Audit,代码安全审计,源码审计,安全代码审查,代码安全"
"会议组织,soft_skill,会议组织,Meeting Organization,会议管理,会议策划,会务安排,会议协调"
"传感器,embedded_hardware,传感器,Sensor,传感器技术,传感技术,数据采集器,感知器"
"传感器融合,algorithm_ai,传感器融合,Sensor Fusion,多传感器融合,感知融合,数据融合,多模态融合"
"信号完整性,embedded_hardware,信号完整性,Signal Integrity,SI,信号完整,信号质量,高速信号,信号保真"
"信息架构,product_design,信息架构,Information Architecture,IA,信息架构设计,信息组织,IA架构"
"信息检索,algorithm_ai,信息检索,Information Retrieval,IR,信息检索技术,搜索引擎技术,检索技术"
"信贷政策,domain_knowledge,信贷政策,Credit Policy,信贷策略,风控政策,信用政策,信贷风控"
"元数据管理,data,元数据管理,Metadata Management,元数据,Meta Data,数据元管理,Metadata"
"内容营销,domain_knowledge,内容营销,Content Marketing,内容运营,内容推广,content marketing,内容策略"
"分布式存储,devops,分布式存储,Distributed Storage,分布式存储系统,Ceph,HDFS,对象存储,分布式文件系统"
"分布式训练,algorithm_ai,分布式训练,Distributed Training,分布式深度学习,多机多卡训练,并行训练,分布式机器学习"
"办公管理,management,办公管理,Office Administration,办公行政,办公室管理,行政管理,办公事务"
"动效设计,product_design,动效设计,Motion Design,动画设计,动态效果,Motion Graphic,动效,MG动画"
"动画系统,tool,动画系统,Animation System,动画引擎,骨骼动画,角色动画系统,Animation"
"劳动法,domain_knowledge,劳动法,Labor Law,劳动法规,劳动合同法,劳工法,劳动法律"
"劳动法规,domain_knowledge,劳动法规,Labor Regulations,劳动法律,人事法规,劳动法,劳动政策"
"单片机,embedded_hardware,单片机,Microcontroller,MCU,单片微型计算机,微控制器,单片芯片,51/STM32单片机"
"召回算法,algorithm_ai,召回算法,Recall Algorithm,召回策略,召回层,推荐召回,召回模型"
"可用性测试,product_design,可用性测试,Usability Testing,可用性评估,用户体验测试,可用性研究,可用性评估方法"
"合规审查,security,合规审查,Compliance Review,合规检查,合规审计,法规审查,合规检查"
"合规管理,management,合规管理,Compliance Management,合规,合规性管理,法规遵从,合规体系"
"后勤支持,management,后勤支持,Logistics Support,后勤服务,行政后勤,后勤保障,后勤管理"
"员工关系,management,员工关系,Employee Relations,ER,员工关怀,劳资关系,人事关系,员工关系管理"
"品牌传播,domain_knowledge,品牌传播,Brand Communication,品牌传播策略,品牌推广,品牌宣传,品牌传播"
"品牌策略,domain_knowledge,品牌策略,Brand Strategy,品牌战略,品牌规划,品牌战术,品牌定位"
"响应式设计,product_design,响应式设计,Responsive Design,响应式布局,自适应设计,RWD,响应式网页设计"
"商业分析,domain_knowledge,商业分析,Business Analysis,BA,商业数据分析,经营分析,Business Analytics"
"商业思维,soft_skill,商业思维,Business Thinking,商业意识,商业逻辑,商业敏感度,商业头脑"
"商业模式,domain_knowledge,商业模式,Business Model,盈利模式,商业模型,业务模式,BM"
"商业洞察,soft_skill,商业洞察,Business Insight,商业敏锐度,市场洞察,业务洞察,商业眼光"
"图形学,algorithm_ai,图形学,Computer Graphics,CG,计算机图形学,图形计算,计算机图形"
"培训体系,management,培训体系,Training System,培训制度,学习体系,培养体系,培训体系搭建"
"培训支持,domain_knowledge,培训支持,Training Support,培训协助,培训服务,培训实施,培训支撑"
"培训运营,management,培训运营,Training Operation,培训管理,学习运营,教育运营,培训体系建设"
"增长模型,domain_knowledge,增长模型,Growth Model,增长框架,增长方法论,增长公式,增长模型设计"
"增长策略,domain_knowledge,增长策略,Growth Strategy,增长战略,用户增长策略,增长打法,增长方案"
"增长黑客,domain_knowledge,增长黑客,Growth Hacking,增长黑客,增长技巧,病毒式增长,Growth Hacker"
"声学模型,algorithm_ai,声学模型,Acoustic Model,语音声学模型,发音模型,声学建模,Acoustic Modeling"
"外设驱动,embedded_hardware,外设驱动,Peripheral Driver,设备驱动,硬件驱动,驱动开发,外设驱动开发"
"学习平台,tool,学习平台,Learning Platform,培训平台,LMS,学习管理系统,在线学习平台"
"安全,security,安全,Security,信息安全,网络安全,Security,安全领域,信息安全"
"安全工具,tool,安全工具,Security Tools,安全软件,渗透工具,安全测试工具,网络安全工具"
"审计,domain_knowledge,审计,Audit,审计学,财务审计,内部审计,audit,审计工作"
"客户关系,domain_knowledge,客户关系,Customer Relationship,客户关系管理,客情维护,客户关系,CRM"
"客户运营,domain_knowledge,客户运营,Customer Operation,用户运营,客户成功,客户经营,客户运营"
"容量规划,devops,容量规划,Capacity Planning,容量管理,资源规划,容量预估,容量评估"
"嵌入式Linux,embedded_hardware,嵌入式Linux,Embedded Linux,嵌入式Linux系统,Linux嵌入式,ELinux,嵌入式操作系统"
"嵌入式系统,embedded_hardware,嵌入式系统,Embedded System,嵌入式,嵌入式开发,单片机系统,嵌入式技术"
"市场洞察,domain_knowledge,市场洞察,Market Insight,市场洞察,市场分析,市场敏锐度,市场观察"
"平台架构,devops,平台架构,Platform Architecture,中台架构,平台化架构,架构平台,平台技术架构"
"平台通道,mobile,平台通道,Platform Channel,原生通道,平台桥接,Native Bridge,原生桥接"
"微服务,devops,微服务,Microservices,微服务架构,微服务化,Micro Services,微服务设计"
"性能优化,programming,性能优化,Performance Optimization,性能调优,优化,performance tuning,性能提升"
"感知算法,algorithm_ai,感知算法,Perception Algorithm,感知AI,计算机视觉算法,环境感知,感知智能"
"技术交流,soft_skill,技术交流,Technical Communication,技术沟通,技术分享,技术布道,技术传播"
"技术品牌,domain_knowledge,技术品牌,Tech Brand,技术影响力,技术声誉,技术市场,技术品牌"
"技术战略,management,技术战略,Technology Strategy,技术规划,技术路线图,技术愿景,技术策略"
"技术文档,domain_knowledge,技术文档,Technical Documentation,技术写作,文档编写,技术文案,文档维护"
"技术架构,devops,技术架构,Technical Architecture,系统架构,架构设计,系统结构,技术架构设计"
"技术规划,management,技术规划,Technology Planning,技术路线图,技术计划,技术布局,技术方案规划"
"技术趋势,domain_knowledge,技术趋势,Technology Trends,技术动向,前沿技术,科技趋势,技术潮流"
"技术选型,devops,技术选型,Technology Selection,技术栈选择,选型,技术评估,技术方案选择"
"技术预研,management,技术预研,Technology Research,技术调研,前沿研究,技术探索,技术预研管理"
"投诉处理,soft_skill,投诉处理,Complaint Handling,客诉处理,投诉管理,客服技巧,投诉应对"
"报表开发,data,报表开发,Report Development,报表制作,报表设计,BI报表,报表系统"
"招聘渠道,domain_knowledge,招聘渠道,Recruitment Channel,招聘来源,渠道管理,招聘管道,招聘途径"
"持续改进,management,持续改进,Continuous Improvement,CI,持续优化,改善,Kaizen,CIP"
"指标体系,data,指标体系,Indicator System,指标库,KPI体系,度量指标,指标体系搭建,指标管理"
"排序算法,algorithm_ai,排序算法,Ranking Algorithm,排序模型,Learning to Rank,LTR,Rank,排序学习"
"故障排查,devops,故障排查,Troubleshooting,故障诊断,问题排查,Debug,排障,故障定位"
"效果评估,domain_knowledge,效果评估,Effect Evaluation,效果评价,成效评估,ROI评估,效果衡量"
"数字信号处理,embedded_hardware,数字信号处理,DSP,Digital Signal Processing,数字信号,信号处理,Digital Signal"
"数据中台,data,数据中台,Data Middle Platform,数据平台,Data Platform,数据中台架构,数据中枢"
"数据可视化,data,数据可视化,Data Visualization,可视化,DataV,数据大屏,图表展示,数据图表"
"数据库,database,数据库,Database,DB,数据库系统,数据存储,Database System"
"数据建模,data,数据建模,Data Modeling,建模,数据模型设计,模型构建,数据模型"
"数据服务,data,数据服务,Data Service,数据API,数据接口服务,数据即服务,DaaS,数据服务能力"
"数据标准,data,数据标准,Data Standard,数据规范,数据准则,标准化,数据标准化"
"数据治理,data,数据治理,Data Governance,数据管理,数据管控,Data Governance,数据治理体系"
"数据质量,data,数据质量,Data Quality,DQ,数据准确性,数据完整性,数据质量管控,数据质量"
"整合营销,domain_knowledge,整合营销,Integrated Marketing,整合传播,IMC,营销组合,整合营销传播"
"文化建设,management,文化建设,Culture Building,企业文化,组织文化,文化建设,Culture,文化打造"
"无线通信,embedded_hardware,无线通信,Wireless Communication,无线通讯,移动通信,无线传输,Wireless"
"时序分析,algorithm_ai,时序分析,Time Series Analysis,时间序列分析,时序预测,序列分析,时间序列"
"服务流程,domain_knowledge,服务流程,Service Process,服务标准,服务SOP,服务规范,服务流程设计"
"标准制定,management,标准制定,Standard Setting,标准建立,规范制定,标准化工作,标准规范"
"模型压缩,algorithm_ai,模型压缩,Model Compression,模型精简,模型量化,剪枝,蒸馏,模型轻量化"
"模型评估,algorithm_ai,模型评估,Model Evaluation,模型评测,效果评估,模型验证,Model Validation"
"治理规则,domain_knowledge,治理规则,Governance Rules,管理规则,治理政策,管控规则,治理规定"
"活动策划,domain_knowledge,活动策划,Event Planning,活动运营,活动策划执行,活动方案,活动策划"
"流程管理,management,流程管理,Process Management,BPM,流程优化,流程管控,业务流程管理"
"混沌工程,devops,混沌工程,Chaos Engineering,混沌测试,故障注入,反脆弱工程,Chaos Test"
"渠道投放,domain_knowledge,渠道投放,Channel Placement,广告投放,渠道推广,流量采买,渠道投放"
"渠道策略,domain_knowledge,渠道策略,Channel Strategy,渠道规划,渠道政策,分销策略,渠道战略"
"渠道运营,domain_knowledge,渠道运营,Channel Operation,渠道管理,渠道维护,渠道经营,渠道运维"
"游戏引擎,tool,游戏引擎,Game Engine,游戏开发引擎,引擎开发,Game Engine,游戏中间件"
"漏洞扫描,security,漏洞扫描,Vulnerability Scanning,漏洞检测,安全扫描,漏扫,Vulnerability Scan"
"物理引擎,tool,物理引擎,Physics Engine,物理系统,刚体动力学,碰撞检测,Physics"
"状态管理,framework,State Management,状态机,状态维护,State"
"生态构建,management,生态构建,Ecosystem Building,生态建设,生态系统,平台生态,生态打造"
"生态策略,domain_knowledge,生态策略,Ecosystem Strategy,生态战略,生态规划,生态打法,生态布局"
"用户体验,product_design,用户体验,User Experience,UX,用户体验设计,UE,用户体验,UED"
"用户心理学,domain_knowledge,用户心理学,User Psychology,消费者心理,用户行为心理,心理学,用户心理"
"用户流程,product_design,用户流程,User Flow,用户路径,流程设计,User Journey,用户旅程"
"用户研究,product_design,用户研究,User Research,UR,用研,用户调研,user research,用户调查"
"用户访谈,product_design,用户访谈,User Interview,用户深访,访谈,深度访谈,用户采访"
"电源设计,embedded_hardware,电源设计,Power Design,电源管理,供电设计,Power Supply,电源工程师"
"电路基础,embedded_hardware,电路基础,Circuit Basics,电路原理,电子基础,电工基础,电路理论"
"电路设计,embedded_hardware,电路设计,Circuit Design,电路开发,电子设计,线路设计,电路原理图"
"画像构建,data,画像构建,Profiling,画像,用户画像,标签体系,Profile Building,用户建模"
"监控工具,devops,监控工具,Monitoring Tools,监控软件,观测工具,Monitoring,监控平台"
"相关性排序,algorithm_ai,相关性排序,Relevance Ranking,相关性计算,排序学习,搜索排序,相关性算法"
"知识分享,soft_skill,知识分享,Knowledge Sharing,技术分享,知识传播,分享,knowledge share"
"社交媒体,domain_knowledge,社交媒体,Social Media,社媒,社交平台,社交网络,Social,Social Media"
"移动端适配,mobile,移动端适配,Mobile Adaptation,移动端兼容,手机适配,响应式移动端,移动适配"
"第三方对接,domain_knowledge,第三方对接,Third-party Integration,API对接,外部接口,第三方集成,三方对接"
"策略优化,algorithm_ai,策略优化,Policy Optimization,策略调优,优化算法,强化学习策略,策略迭代"
"系统架构,devops,系统架构,System Architecture,系统结构,架构设计,系统顶层设计,架构"
"系统设计,programming,系统设计,System Design,设计系统,系统方案,架构设计,系统详细设计"
"系统调优,devops,系统调优,System Tuning,系统优化,性能调优,系统调优,System Optimization"
"组件库,product_design,组件库,Component Library,UI库,组件系统,控件库,UI组件库"
"组织发展,management,组织发展,Organization Development,OD,组织发展,组织建设,组织优化,OD组织发展"
"组织管理,management,组织管理,Organization Management,组织建设,团队组织,组织行为,组织管理"
"经营指标,domain_knowledge,经营指标,Business Metrics,经营指标,业务指标,运营指标,KPI,经营数据"
"经销商管理,domain_knowledge,经销商管理,Dealer Management,渠道管理,分销商管理,代理管理,渠道经销商"
"统计学,algorithm_ai,统计学,Statistics,统计,数理统计,统计分析,Statistics,应用统计"
"绩效管理,management,绩效管理,Performance Management,绩效考核,绩效管理,KPI管理,绩效评估"
"续约管理,domain_knowledge,续约管理,Renewal Management,合同续约,续费管理,客户续约,续约运营"
"维度建模,data,维度建模,Dimensional Modeling,维度模型,星型模型,数据仓库建模,Kimball,维度设计"
"缺陷管理,testing,缺陷管理,Defect Management,Bug管理,缺陷跟踪,Bug跟踪,质量管理,Bug管理"
"网络,devops,网络,Network,计算机网络,网络技术,Networking,网络基础"
"网络基础,devops,网络基础,Network Basics,网络原理,计算机网络基础,网络知识,网络协议基础"
"网络存储,devops,网络存储,Network Storage,NAS,SAN,网络附加存储,存储网络,Storage Network"
"脚本编写,programming,脚本编写,Scripting,脚本开发,脚本编程,自动化脚本,脚本语言开发"
"脚本语言,programming,脚本语言,Scripting Language,脚本,Script Language,解释型语言,Scripting"
"薪酬体系,management,薪酬体系,Compensation System,薪酬制度,薪资体系,工资体系,C&B,薪酬管理"
"虚拟化,devops,虚拟化,Virtualization,虚拟技术,虚拟化技术,VM,虚拟机,虚拟化平台"
"融资支持,domain_knowledge,融资支持,Financing Support,融资协助,资金支持,投资对接,融资服务"
"行业方案,domain_knowledge,行业方案,Industry Solution,行业解决方案,垂直方案,行业咨询,行业化方案"
"行业洞察,domain_knowledge,行业洞察,Industry Insight,行业认知,行业分析,产业洞察,行业观察"
"行业知识,domain_knowledge,行业知识,Industry Knowledge,行业背景,领域知识,业务领域,行业经验"
"行业研究,domain_knowledge,行业研究,Industry Research,行研,行业调研,产业研究,行业分析"
"行业资源,domain_knowledge,行业资源,Industry Resources,行业人脉,产业资源,行业资产,行业关系"
"裂变机制,domain_knowledge,裂变机制,Fission Mechanism,裂变规则,增长裂变,病毒机制,裂变模型"
"裂变活动,domain_knowledge,裂变活动,Fission Campaign,裂变营销,增长活动,病毒活动,裂变运营"
"裸机开发,embedded_hardware,裸机开发,Bare Metal Development,裸机编程,无系统开发,单片机裸机,Bare Metal"
"观察法,product_design,观察法,Observation Method,用户观察,观察研究,Observational Study,观察调研"
"规划算法,algorithm_ai,规划算法,Planning Algorithm,路径规划,运动规划,规划求解,Planning"
"讲师管理,management,讲师管理,Instructor Management,讲师运营,师资管理,内训师管理,讲师体系"
"设计思维,product_design,设计思维,Design Thinking,设计思考,DT,创新设计方法,设计思维方法"
"设计规范,product_design,设计规范,Design Specification,设计标准,设计准则,规范系统,设计规范体系"
"语音合成,algorithm_ai,语音合成,Speech Synthesis,TTS,Text to Speech,文本转语音,语音生成,文字转语音"
"语音识别,algorithm_ai,语音识别,Speech Recognition,ASR,Automatic Speech Recognition,语音转文字,语音输入"
"调度系统,devops,调度系统,Scheduling System,任务调度,作业调度,Scheduler,调度平台"
"负载均衡,devops,负载均衡,Load Balancing,LB,负载平衡,Load Balance,流量分发,负载均衡器"
"财务知识,domain_knowledge,财务基础,财会知识,财务"
"质量工具,testing,质量工具,Quality Tools,质量管理工具,QC工具,品管工具,质量管控工具"
"资产管理,management,资产管理,Asset Management,固定资产,资产运营,资产管理,资产配置"
"资本运作,domain_knowledge,资本运作,Capital Operation,资本运作,投资并购,融资,M&A,资本运营"
"资源协调,soft_skill,资源协调,Resource Coordination,资源调配,协调资源,资源统筹,协调沟通"
"资源整合,management,资源整合,Resource Integration,资源聚合,资源统筹,资源池,资源整合能力"
"跨部门协作,soft_skill,跨部门协作,Cross-functional Collaboration,跨部门沟通,协同合作,跨职能协作,跨部门合作"
"路由交换,devops,路由交换,Routing and Switching,路由与交换,网络路由,网络交换,路由交换技术"
"进度控制,management,进度控制,Schedule Control,进度管理,工期控制,项目进度,进度跟踪"
"逆向,security,逆向,Reverse Engineering,逆向工程,逆向分析,RE,破解,逆向技术"
"通信协议,embedded_hardware,通信协议,Communication Protocol,协议栈,网络协议,通讯协议,Protocol"
"采购管理,management,采购管理,Procurement Management,采购,供应商管理,采购流程,采购供应链"
"金融知识,domain_knowledge,Financial Knowledge,金融基础,财经知识,Finance,金融"
"销售策略,domain_knowledge,销售策略,Sales Strategy,销售政策,销售战术,销售打法,销售方法"
"镜像仓库,devops,镜像仓库,Image Registry,镜像库,容器镜像,Docker Registry,镜像中心"
"雇主品牌,domain_knowledge,雇主品牌,Employer Branding,雇主品牌,人才品牌,招聘品牌,雇主形象"
"需求文档,product_design,需求文档,PRD,Product Requirements Document,需求规格说明书,需求文档,产品需求文档"
"面试技巧,domain_knowledge,面试技巧,Interview Skills,面试方法,面试技术,面谈技巧,面试能力"
"预算管理,management,预算管理,Budget Management,预算控制,预算编制,成本预算,财务预算"
"风险管理,management,风险管理,Risk Management,风险控制,风险管控,Risk Control,风险预防"
"马尔可夫决策,algorithm_ai,马尔可夫决策,Markov Decision Process,MDP,马尔可夫决策过程,决策过程,Markov Decision"
"驱动开发,embedded_hardware,驱动开发,Driver Development,设备驱动开发,驱动编程,Driver Development,驱动程序"
"验证方法学,embedded_hardware,验证方法学,Verification Methodology,验证方法,验证流程,验证技术,验证方法论"
"Angular,framework,Angular,angular,Angular框架,前端框架"
"C++,programming,C++,cpp,C Plus Plus,C++语言"
"C/C++,programming,C/C++,C和C++,C语言/C++"
"CSS,programming,CSS,css,层叠样式表,样式表"
"CSS3,programming,CSS3,css3,CSS动画,CSS3新特性"
"C语言,programming,C语言,C,c,C语言编程,C语言开发"
"HTML5,programming,HTML5,html5,H5,HTML,html,超文本标记语言"
"Kotlin,programming,Kotlin,kotlin,Kotlin语言,Android Kotlin"
"PHP,programming,PHP,php,PHP语言,PHP开发"
"R,programming,R,R语言,R语言编程,统计编程"
"Rust,programming,Rust,rust,Rust语言,系统编程"
"SQL,programming,SQL,sql,SQL语言,结构化查询语言"
"Shell,programming,Shell,shell,Shell脚本,Bash,bash,Shell编程"
"Swift,programming,Swift,swift,Swift语言,iOS Swift"
"TCP/IP,programming,TCP/IP,tcp/ip,TCP协议,网络协议,TCP/IP协议栈"
"TypeScript,programming,TypeScript,typescript,TS,ts"
"MyBatis,framework,MyBatis,mybatis,MyBatis框架,Java ORM,MyBatis-Plus"
"Spring Boot,framework,Spring Boot,SpringBoot,spring boot,Spring框架,Spring Cloud"
"Taro,framework,Taro,taro,Taro框架,多端框架,京东Taro"
"Uni-app,framework,Uni-app,uni-app,uniapp,跨平台框架,DCloud"
"Transformers,algorithm_ai,Transformers,transformers,Transformer模型,HuggingFace,注意力机制"
"MySQL,database,MySQL,mysql,MySQL数据库,关系型数据库"
"Redis,database,Redis,redis,Redis缓存,内存数据库,键值存储"
"MongoDB,database,MongoDB,mongodb,Mongo,文档数据库,NoSQL"
"PostgreSQL,database,PostgreSQL,postgresql,PG,Postgres,PG数据库"
"Oracle,database,Oracle,oracle,Oracle数据库,Oracle DB"
"ClickHouse,database,ClickHouse,clickhouse,列式数据库,OLAP数据库"
"HBase,database,HBase,hbase,HBase数据库,列族数据库,Hadoop数据库"
"Elasticsearch,database,Elasticsearch,elasticsearch,ES,ElasticSearch,搜索引擎,全文检索"
"Hadoop,data,Hadoop,hadoop,Hadoop生态,大数据平台,HDFS,MapReduce"
"Spark,data,Spark,spark,Apache Spark,大数据计算,Spark SQL"
"Flink,data,Flink,flink,Apache Flink,实时计算,流计算"
"Hive,data,Hive,hive,Apache Hive,数据仓库工具,HiveSQL"
"Kafka,data,Kafka,kafka,Apache Kafka,消息队列,流处理"
"CI/CD,devops,CI/CD,CICD,ci/cd,持续集成,持续部署,持续交付"
"Nginx,devops,Nginx,nginx,反向代理,负载均衡,Web服务器"
"Linux,devops,Linux,linux,Linux系统,Linux操作系统,Linux运维"
"Linux内核,devops,Linux内核,Linux Kernel,内核开发,内核调优"
"Helm,devops,Helm,helm,Helm Chart,K8s包管理,Kubernetes Helm"
"Prometheus,devops,Prometheus,prometheus,监控系统,Prometheus监控,时序数据库"
"防火墙,security,防火墙,Firewall,网络防火墙,安全防火墙,防火墙配置"
"JMeter,testing,JMeter,jmeter,Apache JMeter,压力测试工具,性能测试工具"
"Selenium,testing,Selenium,selenium,Selenium自动化,Web自动化,UI测试"
"LoadRunner,testing,LoadRunner,loadrunner,性能测试,负载测试,HP LoadRunner"
"功能测试,testing,功能测试,Functional Testing,功能验证,黑盒测试"
"性能测试,testing,性能测试,Performance Testing,压测,负载测试,性能调优"
"接口测试,testing,接口测试,API Testing,API测试,接口验证"
"接口自动化,testing,接口自动化,API Automation,自动化接口测试,接口自动化测试"
"UI自动化,testing,UI自动化,UI Automation,UI自动化测试,界面自动化"
"测试用例设计,testing,测试用例设计,Test Case Design,用例设计,测试设计"
"渗透测试,security,渗透测试,Penetration Testing,渗透,安全测试,Pentest"
"NLP,algorithm_ai,NLP,nlp,自然语言处理,Natural Language Processing"
"OpenCV,algorithm_ai,OpenCV,opencv,计算机视觉库,图像处理库"
"MLflow,algorithm_ai,MLflow,mlflow,ML平台,模型管理,MLOps"
"机器学习,algorithm_ai,机器学习,Machine Learning,ML,机器学习算法"
"深度学习,algorithm_ai,深度学习,Deep Learning,DL,深度神经网络"
"强化学习,algorithm_ai,强化学习,Reinforcement Learning,RL,强化学习算法"
"目标检测,algorithm_ai,目标检测,Object Detection,目标识别,YOLO,检测算法"
"图像处理,algorithm_ai,图像处理,Image Processing,图像算法,图像分析"
"Figma,tool,Figma,figma,Figma设计,UI设计工具,设计协作"
"Excel,tool,Excel,excel,电子表格,Microsoft Excel,数据处理"
"PPT,tool,PPT,ppt,PowerPoint,演示文稿,幻灯片"
"PS,tool,PS,ps,Photoshop,Adobe Photoshop,图片处理"
"原型设计,product_design,原型设计,Prototyping,产品原型,原型工具,交互原型"
"业务分析,domain_knowledge,业务分析,Business Analysis,BA,业务需求分析"
"人力资源,domain_knowledge,人力资源,Human Resources,HR,人事管理"
"公司法,domain_knowledge,公司法,Company Law,公司法律,企业法务"
"合同法,domain_knowledge,合同法,Contract Law,合同管理,合同审查"
"知识产权,domain_knowledge,知识产权,Intellectual Property,IP,专利,商标"
"财务分析,domain_knowledge,财务分析,Financial Analysis,财务建模,财务数据分析"
"财务报表,domain_knowledge,财务报表,Financial Statement,报表分析,财报"
"客户开发,domain_knowledge,客户开发,Client Development,客户拓展,商务拓展"
"客户沟通,domain_knowledge,客户沟通,Client Communication,客户交流,客户服务"
"市场推广,domain_knowledge,市场推广,Marketing,市场营销,品牌推广"
"渠道开发,domain_knowledge,渠道开发,Channel Development,渠道拓展,渠道管理"
"招投标,domain_knowledge,招投标,Bidding,投标管理,招标,标书"
"法律文书,domain_knowledge,法律文书,Legal Documents,法律文件,法务文书"
"课程开发,domain_knowledge,课程开发,Curriculum Development,课程设计,教学设计"
"微信小程序,framework,微信小程序,WeChat Mini Program,小程序,小程序开发"
"团队管理,management,团队管理,Team Management,团队领导,带团队"
"项目管理,management,项目管理,Project Management,PM,项目经理,PMP"
"成本控制,management,成本控制,Cost Control,成本管理,预算控制"
"质量体系,management,质量体系,Quality System,QMS,质量管理体系,ISO"
"沟通协调,soft_skill,沟通协调,Communication,协调沟通,沟通能力,跨部门沟通"
"商务谈判,soft_skill,商务谈判,Business Negotiation,谈判技巧,商务洽谈"
"数据仓库,data,数据仓库,Data Warehouse,DW,数仓,数据仓库建设"
"数据分析,data,数据分析,Data Analysis,数据挖掘,数据洞察"
"数据安全,security,数据安全,Data Security,数据保护,数据加密,信息安全"
"敏捷开发,devops,敏捷开发,Agile,Scrum,敏捷,迭代开发"
"内容策划,domain_knowledge,内容策划,Content Planning,内容运营,内容创作"
"方案撰写,domain_knowledge,方案撰写,Proposal Writing,方案设计,技术方案"
"文档管理,domain_knowledge,文档管理,Document Management,文档编写,技术文档"
"需求分析,product_design,需求分析,Requirements Analysis,需求调研,业务需求"
"问卷设计,product_design,问卷设计,Survey Design,问卷调研,问卷分析"
"高速接口,embedded_hardware,高速接口,High-speed Interface,高速信号,SerDes,高速接口设计"
"Go/Python,programming,Go/Python,Go和Python"
"C/C++,programming,C/C++,C和C++"
"Node.js/Python,programming,Node.js/Python,Node和Python"
"Python/Java,programming,Python/Java,Python和Java"
